--
-- Script was generated by Devart dbForge Studio 2019 for SQL Server, Version 5.8.127.0
-- Product home page: http://www.devart.com/dbforge/sql/studio
-- Script date 31/10/2020 15:38:42
-- Server version: 15.00.2070
--

SET DATEFORMAT ymd
SET ARITHABORT, ANSI_PADDING, ANSI_WARNINGS, CONCAT_NULL_YIELDS_NULL, QUOTED_IDENTIFIER, ANSI_NULLS, NOCOUNT ON
SET NUMERIC_ROUNDABORT, IMPLICIT_TRANSACTIONS, XACT_ABORT OFF
GO

INSERT ETour.dbo.Customers(CustomerType, CitizenId, PasssportId, PasssportExpiryDate, VisaId, VisaExpiryDate, Address, Phone, IsActive, CustomerId, CustomerName) VALUES (N'Citizen', N'215499045', N'P215499045', '2022-10-15 10:30:00.0000000', N'V215499045', '2022-10-15 10:30:00.0000000', N'Quy Nhon City', N'0332198693', CONVERT(bit, 'True'), '3bc4649c-32ed-435f-9340-710b8bc54c14', N'DanhNT')
INSERT ETour.dbo.Customers(CustomerType, CitizenId, PasssportId, PasssportExpiryDate, VisaId, VisaExpiryDate, Address, Phone, IsActive, CustomerId, CustomerName) VALUES (N'Foreigner', N'215499041', N'P215499041', '2022-05-20 00:00:00.0000000', N'V215499041', '2022-05-20 00:00:00.0000000', N'Quang Nam Provine', N'0332198692', CONVERT(bit, 'True'), 'f6784868-3f5c-490a-87e6-7646cef1f566', N'BaoHN')
INSERT ETour.dbo.Customers(CustomerType, CitizenId, PasssportId, PasssportExpiryDate, VisaId, VisaExpiryDate, Address, Phone, IsActive, CustomerId, CustomerName) VALUES (N'Foreigner', N'215499042', N'P215499042', '2022-06-20 00:00:00.0000000', N'V215499042', '2022-06-20 00:00:00.0000000', N'Bien Hoa City', N'0332198691', CONVERT(bit, 'True'), '684aab88-832c-4ad0-b97b-8b8a7b219f02', N'SangNQ')
INSERT ETour.dbo.Customers(CustomerType, CitizenId, PasssportId, PasssportExpiryDate, VisaId, VisaExpiryDate, Address, Phone, IsActive, CustomerId, CustomerName) VALUES (N'Citizen', N'215499046', N'P215499046', '2022-11-15 10:30:00.0000000', N'V215499046', '2022-11-15 10:30:00.0000000', N'Ho Chi Minh City', N'0332198695', CONVERT(bit, 'True'), 'cbde0eb4-89e1-405f-8645-ce8aed9cdc48', N'SangTM')
GO

INSERT ETour.dbo.HelperCodes(Id, CodeType, CodeName, CodeValue, CodeContent, IsActive) VALUES ('0d5a5ef8-e2fb-41ca-a8e7-08d86d11b02b', N'TOUR', N'TOURTYPE', N'International', N'Tuyến quốc tế', CONVERT(bit, 'True'))
INSERT ETour.dbo.HelperCodes(Id, CodeType, CodeName, CodeValue, CodeContent, IsActive) VALUES ('9293d0a7-3e9b-45f4-a8e8-08d86d11b02b', N'TOUR', N'TOURTYPE', N'Domestic', N'Tuyến trong nước', CONVERT(bit, 'True'))
INSERT ETour.dbo.HelperCodes(Id, CodeType, CodeName, CodeValue, CodeContent, IsActive) VALUES ('83a40f84-5329-44de-4fc0-08d86d12a92d', N'TRIP', N'TRIPTYPE', N'Normal', N'Chuyến thông thường', CONVERT(bit, 'True'))
INSERT ETour.dbo.HelperCodes(Id, CodeType, CodeName, CodeValue, CodeContent, IsActive) VALUES ('ec1dbc68-eb8f-424c-4fc1-08d86d12a92d', N'TRIP', N'TRIPTYPE', N'Sale', N'Chuyến khuyến mãi', CONVERT(bit, 'True'))
INSERT ETour.dbo.HelperCodes(Id, CodeType, CodeName, CodeValue, CodeContent, IsActive) VALUES ('c67437c1-6a88-4dd4-05b5-08d870f4f945', N'CUSTOMER', N'CUSTOMERTYPE', N'Foreigner', N'Khách nước ngoài', CONVERT(bit, 'True'))
INSERT ETour.dbo.HelperCodes(Id, CodeType, CodeName, CodeValue, CodeContent, IsActive) VALUES ('84cfe450-0cb0-42cf-05b6-08d870f4f945', N'CUSTOMER', N'CUSTOMERTYPE', N'Citizen', N'Khách trong nước', CONVERT(bit, 'True'))
INSERT ETour.dbo.HelperCodes(Id, CodeType, CodeName, CodeValue, CodeContent, IsActive) VALUES ('a524d81c-b133-4d25-ff31-08d874b038ab', N'TRIP', N'TRIPSTATUS', N'Open', N'Đang mở', CONVERT(bit, 'True'))
INSERT ETour.dbo.HelperCodes(Id, CodeType, CodeName, CodeValue, CodeContent, IsActive) VALUES ('01db9fe2-ca8d-44ab-ff32-08d874b038ab', N'TRIP', N'TRIPSTATUS', N'Close', N'Đã kết thúc', CONVERT(bit, 'True'))
INSERT ETour.dbo.HelperCodes(Id, CodeType, CodeName, CodeValue, CodeContent, IsActive) VALUES ('f3fb48a7-26b4-4d2e-779f-08d874b20ece', N'TRIP', N'TRIPSTATUS', N'Unavailable', N'Không có sẵn', CONVERT(bit, 'True'))
INSERT ETour.dbo.HelperCodes(Id, CodeType, CodeName, CodeValue, CodeContent, IsActive) VALUES ('7a293218-b73e-4e23-39e6-08d874c06112', N'TICKET', N'TICKETSTATUS', N'Active', N'Đang hoạt động', CONVERT(bit, 'True'))
INSERT ETour.dbo.HelperCodes(Id, CodeType, CodeName, CodeValue, CodeContent, IsActive) VALUES ('df9e83d4-9cec-435d-71e2-08d874c62220', N'TICKET', N'TICKETSTATUS', N'Canceled', N'Đã hủy', CONVERT(bit, 'True'))
GO


INSERT ETour.dbo.Places(PlaceId, PlaceName, Description, Notes, IsActive, ParentPlacePlaceId) VALUES ('f3f7299d-ea1b-4725-c3f6-08d86ad230ea', N'VietNam', NULL, NULL, CONVERT(bit, 'True'), NULL)
INSERT ETour.dbo.Places(PlaceId, PlaceName, Description, Notes, IsActive, ParentPlacePlaceId) VALUES ('90cce683-9d9b-41e5-c3f7-08d86ad230ea', N'Japan', NULL, NULL, CONVERT(bit, 'True'), NULL)
INSERT ETour.dbo.Places(PlaceId, PlaceName, Description, Notes, IsActive, ParentPlacePlaceId) VALUES ('a08e3a79-4047-429c-c3f8-08d86ad230ea', N'Korea', NULL, NULL, CONVERT(bit, 'True'), NULL)
INSERT ETour.dbo.Places(PlaceId, PlaceName, Description, Notes, IsActive, ParentPlacePlaceId) VALUES ('ecf91f78-19ed-49a6-c3f9-08d86ad230ea', N'China', NULL, NULL, CONVERT(bit, 'True'), NULL)
INSERT ETour.dbo.Places(PlaceId, PlaceName, Description, Notes, IsActive, ParentPlacePlaceId) VALUES ('046302d7-43bb-417b-acbb-214a92ef87ae', N'Da Nang', NULL, NULL, CONVERT(bit, 'True'), 'f3f7299d-ea1b-4725-c3f6-08d86ad230ea')
INSERT ETour.dbo.Places(PlaceId, PlaceName, Description, Notes, IsActive, ParentPlacePlaceId) VALUES ('adb812f6-290f-401e-820f-33d2f793164d', N'Ho Chi Minh City', NULL, NULL, CONVERT(bit, 'True'), 'f3f7299d-ea1b-4725-c3f6-08d86ad230ea')
INSERT ETour.dbo.Places(PlaceId, PlaceName, Description, Notes, IsActive, ParentPlacePlaceId) VALUES ('7943befa-7e09-4177-a48b-5ea72545fabc', N'Binh Dinh', NULL, NULL, CONVERT(bit, 'True'), 'f3f7299d-ea1b-4725-c3f6-08d86ad230ea')
INSERT ETour.dbo.Places(PlaceId, PlaceName, Description, Notes, IsActive, ParentPlacePlaceId) VALUES ('a50d2456-ba24-4f9e-a981-5ed7ac654ff6', N'Ha Noi', NULL, NULL, CONVERT(bit, 'True'), 'f3f7299d-ea1b-4725-c3f6-08d86ad230ea')
INSERT ETour.dbo.Places(PlaceId, PlaceName, Description, Notes, IsActive, ParentPlacePlaceId) VALUES ('c66996e9-01e8-45c4-ae91-72d3c785b2a8', N'Quy Nhon City', NULL, NULL, CONVERT(bit, 'True'), '7943befa-7e09-4177-a48b-5ea72545fabc')
INSERT ETour.dbo.Places(PlaceId, PlaceName, Description, Notes, IsActive, ParentPlacePlaceId) VALUES ('23aeeec5-6ee7-4592-8c05-caa58f0389bc', N'Hue', NULL, NULL, CONVERT(bit, 'True'), 'f3f7299d-ea1b-4725-c3f6-08d86ad230ea')
INSERT ETour.dbo.Places(PlaceId, PlaceName, Description, Notes, IsActive, ParentPlacePlaceId) VALUES ('d3c3c284-bc3b-44cd-bb34-f1c3d4e84fb1', N'Quang Ngai', NULL, NULL, CONVERT(bit, 'True'), NULL)
GO

INSERT ETour.dbo.Tickets(TicketId, Status, Description, Notes, TicketPrice, IsActive, CustomerId, TripId) VALUES ('e3ad7dad-3f26-4494-91f3-8fd5dcd72fd7', N'Active', NULL, NULL, 820000, CONVERT(bit, 'True'), 'f6784868-3f5c-490a-87e6-7646cef1f566', 'a7707b52-2166-4f45-be3a-d06d9410ac9a')
INSERT ETour.dbo.Tickets(TicketId, Status, Description, Notes, TicketPrice, IsActive, CustomerId, TripId) VALUES ('1670fde7-736c-4488-8c22-d772d7cee1cc', N'Active', NULL, N'notes test', 800000, CONVERT(bit, 'True'), '3bc4649c-32ed-435f-9340-710b8bc54c14', 'a7707b52-2166-4f45-be3a-d06d9410ac9a')
GO

INSERT ETour.dbo.Tours(TourId, TourType, Description, Notes, TourDuration, IsActive, StartPlacePlaceId, EndPlacePlaceId, TourName) VALUES ('4095d791-a770-4277-0d1e-08d86c1ed1d9', N'International', NULL, NULL, 75, CONVERT(bit, 'True'), 'f3f7299d-ea1b-4725-c3f6-08d86ad230ea', 'ecf91f78-19ed-49a6-c3f9-08d86ad230ea', N'VietNam-China')
INSERT ETour.dbo.Tours(TourId, TourType, Description, Notes, TourDuration, IsActive, StartPlacePlaceId, EndPlacePlaceId, TourName) VALUES ('84c215ee-d51b-48bd-0d1f-08d86c1ed1d9', N'International', NULL, NULL, 95, CONVERT(bit, 'True'), 'f3f7299d-ea1b-4725-c3f6-08d86ad230ea', '90cce683-9d9b-41e5-c3f7-08d86ad230ea', N'VietNam-Japan')
INSERT ETour.dbo.Tours(TourId, TourType, Description, Notes, TourDuration, IsActive, StartPlacePlaceId, EndPlacePlaceId, TourName) VALUES ('59f498f1-339e-452c-0d20-08d86c1ed1d9', N'International', NULL, NULL, 90, CONVERT(bit, 'True'), 'f3f7299d-ea1b-4725-c3f6-08d86ad230ea', 'a08e3a79-4047-429c-c3f8-08d86ad230ea', N'VietNam-Korea')
INSERT ETour.dbo.Tours(TourId, TourType, Description, Notes, TourDuration, IsActive, StartPlacePlaceId, EndPlacePlaceId, TourName) VALUES ('c98e7dcd-e8de-4b7e-baaf-68452d92b8c7', N'International', NULL, NULL, 50, CONVERT(bit, 'True'), '046302d7-43bb-417b-acbb-214a92ef87ae', 'adb812f6-290f-401e-820f-33d2f793164d', N'DaNang-HoChiMinh')
INSERT ETour.dbo.Tours(TourId, TourType, Description, Notes, TourDuration, IsActive, StartPlacePlaceId, EndPlacePlaceId, TourName) VALUES ('65ef1eef-8b33-418e-9f43-9773d4e22bbf', N'Domestic', NULL, NULL, 60, CONVERT(bit, 'True'), 'a50d2456-ba24-4f9e-a981-5ed7ac654ff6', 'adb812f6-290f-401e-820f-33d2f793164d', N'HaNoi-HoChiMinh')
INSERT ETour.dbo.Tours(TourId, TourType, Description, Notes, TourDuration, IsActive, StartPlacePlaceId, EndPlacePlaceId, TourName) VALUES ('ce6f9e5f-8a72-48ca-8921-c52a5e843ad6', N'International', NULL, NULL, 70, CONVERT(bit, 'True'), 'a08e3a79-4047-429c-c3f8-08d86ad230ea', '90cce683-9d9b-41e5-c3f7-08d86ad230ea', N'Korea-Japan')
GO

INSERT ETour.dbo.Trips(TripId, StartDate, EndDate, Description, Notes, Price, IsActive, TripType, TourId, TripName, TripCapacity, TripStatus) VALUES ('466ff503-18e8-4696-bf2b-6db1f55e0964', '2020-10-11 10:30:00.0000000', '2020-10-15 04:30:00.0000000', NULL, NULL, 7200000, CONVERT(bit, 'True'), N'Sale', '59f498f1-339e-452c-0d20-08d86c1ed1d9', N'Vietname-Korea 11/10/2020', 2, N'Open')
INSERT ETour.dbo.Trips(TripId, StartDate, EndDate, Description, Notes, Price, IsActive, TripType, TourId, TripName, TripCapacity, TripStatus) VALUES ('e46296ec-867f-4d75-9012-b65f2e87251a', '2020-10-14 10:30:00.0000000', '2020-10-17 13:30:00.0000000', NULL, NULL, 6200000, CONVERT(bit, 'True'), N'Normal', '4095d791-a770-4277-0d1e-08d86c1ed1d9', N'Vietnam-China 14/10/2020', 4, N'Open')
INSERT ETour.dbo.Trips(TripId, StartDate, EndDate, Description, Notes, Price, IsActive, TripType, TourId, TripName, TripCapacity, TripStatus) VALUES ('a7707b52-2166-4f45-be3a-d06d9410ac9a', '2020-10-12 10:30:00.0000000', '2020-10-14 22:30:00.0000000', NULL, NULL, 4200000, CONVERT(bit, 'True'), N'Normal', '65ef1eef-8b33-418e-9f43-9773d4e22bbf', N'HaNoi-HoChiMinh 12/10/2020', 3, N'Open')
GO